month,total_users,total_transactions,total_spend,avg_transaction_value,avg_transactions_per_user,variant_count
2025-07,7196,17356,899315.7300000001,51.81584063148191,2.41189549749861,4
2025-08,7622,17914,875321.81,48.862443340404155,2.350301758068748,5
2025-09,8572,23727,1039950.15,43.82982045770641,2.7679654689687356,5
2025-10,7426,18342,884387.68,48.216534729037186,2.4699703743603556,4
